"","fbname","betweenness"
"1","100毛",8575380.79546881
"2","健吾",6361146.36941494
"3","蘋果日報",5300800.17310281
"4","毛記電視",2935375.01129378
"5","Keyboard Frontline 鍵盤戰線",2633848.76063286
"6","喜劇演員",2300995.35878044
"7","豬場新聞 Pignewshk",2174825.4976216
"8","香港人 Secrets",2150664.92096383
"9","HOCC",2134564.47242831
"10","Progressust",2103230.92773899
"11","學民思潮 Scholarism",1963571.1217839
"12","《紙筲箕》社區迷你雜誌",1955550.27462693
"13","梁栢堅",1917673.2438975
"14","香港獨立媒體網",1822357.19601996
"15","東TOUCH",1817985.05391539
"16","新Monday",1610065.4067105
"17","唐生大地震",1479687.40750705
"18","新假期JetSo",1429229.63470333
"19","陳到 Do Chan",1394825.47552108
"20","USP United Social Press 社媒",1390870.0469112
"21","啱Channel",1362464.51129577
"22","MM",1338903.49262326
"23","飲食男女",1329935.69648406
"24","PassionTimes 熱血時報",1311284.28179494
"25","學舌鳥 Mocking Jer",1281929.88189886
"26","豬屎新聞 Juicy News",1280285.45979554
"27","林日曦",1273564.00981696
"28","Edko Films Ltd. 安樂影片",1228691.72366566
"29","麻利有隻小綿羊",1224456.94084075
"30","聚言時報 Polymer",1191583.07043977
"31","香港專上學生聯會(學聯)",1159134.91435635
"32","活在觀塘",1147754.12964341
"33","CUHK Secrets",1140456.18489906
"34","場邊故事",1109281.01819131
"35","BeautyExchange.com.hk",1081460.81871383
"36","U Magazine",1071292.78402665
"37","新假期周刊",1037413.96190682
"38","Kit Da Sketch - Kit Man",967543.159792657
"39","政府新聞網",937611.924185204
"40","my903.com 商業電台",934945.367431472
"41","集資登報揭穿保皇黨惡行專頁",903406.482014766
"42","廣告狂人 Madman Monologue",844881.892538566
"43","吳業坤 Ng Yip Kwan",835204.235639104
"44","黃之鋒 Joshua",825765.770762945
"45","杜遊珍",821474.314909512
"46","東北告急，無你點得 ?",819176.262443221
"47","潘小濤",817547.716863178
"48","Real Hong Kong News",807916.824459264
"49","JET magazine",752394.850430172
"50","OpenRice",747645.317793832
"51","本土民主前線",743316.728407105
"52","Face Magazine",742593.642954673
"53","果籽",735775.050140347
"54","時聞香港",734399.323299569
"55","灣仔好日誌",718999.640409392
"56","剷爆左膠",708426.883055008
"57","我係香港人",705624.413501663
"58","前線科技人員",702617.105971507
"59","Milk Magazine",702393.22869313
"60","有傘•友聚  Umbrella Unity",695217.4242349
"61","樂活鰂魚涌",692305.300596711
"62","MOOV",685886.709793321
"63","齊認罪 我係51萬「行得慢」遊行人士之一",647795.668133041
"64","福佳與林忌創作",643141.293797544
"65","迴光返照",638204.326170025
"66","梁祖堯",626034.051124622
"67","GOtrip",624524.978514278
"68","花生新聞",620177.400707804
"69","ME Magazine",617896.02363772
"70","我的港女老婆",616052.353067412
"71","社漫三號機",613181.402326463
"72","she.com",609790.285865243
"73","時事台",609611.840852618
"74","集雜志 Zine",608858.954148368
"75","昔日香港",604494.495383319
"76","黃耀明 Anthony Wong",600737.102171604
"77","召集十萬人反黑警！",594667.411672142
"78","Stand News 立場新聞",594016.752141411
"79","愛瞞日報Macau Concealers",592709.547007103
"80","DBC 數碼電台",590124.907132482
"81","沈旭暉國際生活台 Simon's Glocal World",587876.083020986
"82","社會民主連線",586684.136650416
"83","881903.com 商業電台",580607.920495812
"84","keymansoho 足球版圖",579920.288993387
"85","Green Monday",571642.408046519
"86","CityU Secrets",568893.977134499
"87","電影與娛樂盛事 Movie & Event Marketing",559466.946078685
"88","香港大學學生會 The Hong Kong University Students' Union",555566.06136244
"89","SocREC 社會記錄頻道",554633.52656826
"90","King Jer 娛樂台",539970.186821184
"91","香港地",535000.620699388
"92","香港電影吹水王 Confessions of A Movie Junkie",528708.42560569
"93","CALL4VAN 客貨車",527413.104904362
"94","晴報 Sky Post",525691.976803338
"95","彌敦道九號",518289.402762432
"96","Greenpeace 綠色和平 - 香港網站",515024.846050293
"97","素顏天使 plainface angel",511532.938845407
"98","名校 Secrets",511086.07010518
"99","柏斯敦巴士台 plaxtonl's Bus Page",501065.871023324
"100","頂理",501053.066995492
"101","Picssage Cap圖鍵盤",490489.114019532
"102","一日之計在於晨",490432.482499149
"103","Hatou 蝦頭 楊詩敏",480086.779791208
"104","Cosmopolitan HK",479654.249727216
"105","Resistance Live Media",472711.191216612
"106","香港超級聯賽 Hong Kong Premier League",472163.116698934
"107","鍾氏兄弟 The Chung Brothers",471771.77106698
"108","Sony Hong Kong",464802.972543965
"109","CapTV 擷電視",462863.117416923
"110","港產片共享團",462161.911783759
"111","女皇 Pem",456846.983606254
"112","Hong Kong Dog Rescue (HKDR)",449743.180069601
"113","小麗民主教室",445953.992710875
"114","有線新聞 i-Cable News",443521.541865126
"115","Metro Daily Hong Kong《都市日報》",439430.647283443
"116","廿四孝父母 - 24parent.com",438790.348155065
"117","破折號 Dash",437877.107617225
"118","陳詠燊 Sunnyhahaha",437650.34249148
"119","無待堂",437565.553267732
"120","D100+",435272.450040116
"121","墳場新聞 Bad News by 言某",434631.995363975
"122","結束一桶專棄",433844.538497444
"123","新假期Go Green",424275.869535188
"124","hmv Hong Kong",423137.679166636
"125","有班男人",419958.156383059
"126","徐緣",418272.195728637
"127","大嘥鬼 Big Waster",416162.489341632
"128","喬寶寶 Qbobo",416011.768665012
"129","草原地圖 Lawnmap",415439.54431531
"130","LadyKylie",409185.767851899
"131","UNWIRE.HK",404616.397841409
"132","ohmykids",403268.503458779
"133","plaxtonl",403230.80686383
"134","馬寶寶社區農場 Mapopo Community Farm",401469.60687658
"135","鄭澤誠 Cheng Chak Shing",400161.568439695
"136","JFung Remix",399712.330156062
"137","Charles Mok 莫乃光",398439.688781017
"138","士多 Ztore",398387.068847538
"139","謎米香港 memehk.com",397766.681704862
"140","鄭欣宜 Joyce Cheng",396701.858511929
"141","香港文學生活館",396504.397684352
"142","3c Music",395426.653242867
"143","無神論者的巴別塔",394265.91904973
"144","Tommy Cheung 張秀賢",394108.330147895
"145","ViuTV",392748.420115798
"146","伍家謙",388655.730777991
"147","Leung Kwok Hung",387220.456538663
"148","青年新政 - Youngspiration",386790.311946675
"149","Colin Mak",385994.632457718
"150","Speak Out HK 港人講地",382612.232734025
"151","Bravos Pictures 巴福斯影業",382596.873283573
"152","UA Cinemas",379264.598251374
"153","My Fair Lady",375802.248226718
"154","中女講呢啲",372624.872880962
"155","向香港警察致敬",372060.20595266
"156","Angryangry",370756.079047558
"157","盤菜瑩子",369435.827848764
"158","香港革命頻道 Hongkongese revolution channel",368596.995127743
"159","On8 Channel - 王岸然頻道",367911.415038591
"160","Mark mak",364166.707435124
"161","香港動物報",364033.502555863
"162","City Magazine",362224.308326577
"163","Collins Yeung ART",362194.254225153
"164","Cemetery News 墳場新聞",360084.576837545
"165","Hong Kong Is Not China",358453.571843123
"166","HKU GE - General Education Unit, The University of Hong Kong",357400.85094246
"167","新新青年互助委員會",356214.488957199
"168","Alvin Yeung 楊岳橋",355766.061076777
"169","彭秀慧 Kearen Pang",355453.085187981
"170","Erwin Huang 黃岳永",355348.7085139
"171","司徒夾帶",352706.638389301
"172","文地貓 Mandycat",352655.755152846
"173","港獨不代表我",350410.155755051
"174","Subyub Lee 李拾壹",349354.588596742
"175","拓展公共空間 Hong Kong Public Space Initiative",348586.113987848
"176","保衛香港自由聯盟",345446.158712572
"177","雲海 陳雲海",345404.352062566
"178","KKBOX",343646.093702231
"179","RTHK 香港電台",342326.267884216
"180","gregory wong 王宗堯",341424.827553444
"181","WWF Hong Kong",340374.593382173
"182","馬鞍山人，馬鞍山事",337568.481365605
"183","9oalup",337188.663038737
"184","InitialP 頭文字P",334288.381402933
"185","中央聖學子",332427.113519282
"186","港語學",327504.457122679
"187","肉球不滿",322577.592633604
"188","Time Out Hong Kong",321635.200814574
"189","Sundream Motion Pictures 驕陽電影",319614.579479289
"190","綠腳丫",316477.090897325
"191","沙田區 Sha Tin District",316135.999924116
"192","JieJie & UncleCat",308624.300609132
"193","東方新地",308506.186413274
"194","香港海洋公園 Ocean Park Hong Kong",308188.360721415
"195","炮打司令部",305319.638631686
"196","JupYeah 執嘢",305256.948191183
"197","Pang Chi Ming",301272.62040594
"198","大球場道 Road to Stadium",299823.462296275
"199","為食起革命 Food Revolution Asia",298848.111498902
"200","健康空氣行動 | Clean Air Network (CAN)",297012.965474865
"201","賣字",293659.969600799
"202","more",291621.697779936
"203","BB 頭看世界",291199.057077025
"204","漫動作",288755.607298139
"205","萬人齊撐！！！快發牌比香港電視！！！",287181.105229939
"206","將軍澳主場",287138.004382494
"207","東尼電機",286065.741905533
"208","ShareMode 分享模式",285179.859341086
"209","盧凱彤 Ellen Loo",283455.373138518
"210","蒲窩青少年中心",282800.207509379
"211","大專同志行動 Action Q",282647.656300553
"212","林二汶 Eman Lam",282365.600496718
"213","太陽娛樂文化 Sun Entertainment Culture Ltd",281633.217130615
"214","添美新村，繼續撐傘！",281527.875000383
"215","卓韻芝",278876.259981362
"216","民主黨 The Democratic Party",276920.146470439
"217","Hysan Place及利舞臺at Lee Gardens",271017.645110077
"218","鄺俊宇 Roy Kwong",269579.818163406
"219","土地正義聯盟",268529.247153993
"220","Wintoday",268339.283984078
"221","輔仁媒體",266389.711951622
"222","不如畫哩D",266212.133696533
"223","Universal Music Hong Kong",264729.025414505
"224","North of the Rings 北區動源",263872.520044766
"225","香港民主連線",263547.697265835
"226","Cliffy",262880.594533724
"227","Kongish Daily《港語日報》",262755.401683305
"228","Citywalk 荃新天地",262681.247156303
"229","寰雨膠事錄 Gaus.ee 國際新聞放送會社",262476.736791138
"230","梁文禮",261207.819012487
"231","《海琪的天空》 陳海琪",260082.073557085
"232","Intercontinental Films Distributors (HK) Ltd.",259999.225170454
"233","Littleoslo",258643.069268817
"234","新青年理髮廳",253073.557194625
"235","Gregory 河國榮",252590.597783741
"236","食德好 Food Grace",252245.456487738
"237","覺醒配音組 Awakening Dubbing",251215.539564176
"238","Oxfam Hong Kong 樂施會",251082.519279946
"239","926 平民在政總現場",249704.54759587
"240","2015 佔領區議會",249396.318235441
"241","本土研究社 Liber Research Community",248468.362426058
"242","序言書室 Hong Kong Reader Bookstore",248350.837351302
"243","文藝復興基金會 Renaissance Foundation",248190.762008105
"244","香港培青社",245832.321435373
"245","古洞北發展關注組",245129.687164838
"246","All About Macau",245006.219622275
"247","共融教室 Link Education",243533.459653927
"248","Flyday.hk 低成本旅遊情報網",242609.910365808
"249","新聞噏乜9",242574.554202057
"250","宇宙狂熱",242421.048137159
"251","傑出關公系列",240751.055229023
"252","長春社",240671.361302458
"253","Leo 詹志文",240475.433001474
"254","香港故事館 HK House of Stories",239854.779294386
"255","方健儀 Akina Fong",239460.673480917
"256","網絡的事",239210.165079784
"257","TOPick 新聞",238996.356649803
"258","Jacky Lim 林鴻達",238768.80380276
"259","Running News 跑場新聞",237943.232731199
"260","Hong Kong Movie 香港電影",237692.572071583
"261","Gogovan",237170.697459276
"262","香港公路奇觀",236308.342092935
"263","誠品香港 eslite@HK",235937.910058843
"264","Cityu Apps Lab",235108.570486627
"265","黃偉文 Wyman Wong",234314.627972321
"266","頭條 POP News",234291.488057518
"267","K11",233562.332958317
"268","Smart Parents 親子王",232730.16913279
"269","路邊攤 Lobintan",232147.868872354
"270","大人之玩物",232045.288690854
"271","Goooood Secrets 神秘電影院",231760.048754456
"272","CG LIVE",231752.452285184
"273","李慧玲",231620.816339598
"274","TVB",229420.208854261
"275","壹週刊",229311.549824497
"276","Supper Moment",229170.587776141
"277","主場新聞博客群",228964.40742525
"278","樂高創作 Legostudio",228892.162931227
"279","正政唯識",228126.423950741
"280","Kai Chi Leung 梁啟智",228073.414741046
"281","DBC Select",227196.890822498
"282","MCKLN Secrets",227033.499135375
"283","高登討論區 HKGolden",226582.846201182
"284","安德烈 Andrew （蒸魚安Steamed Fish）",225483.864267505
"285","香港電車迷會  Hong Kong Trams Enthusiast",224982.775704969
"286","Trailwatch徑‧香港",224246.118990159
"287","中大學生會 CUSU",224187.540541015
"288","香港西米電視 HK Smile TV",223195.861875439
"289","香港規劃情報",222873.961960636
"290","阿塗",222781.259238031
"291","董嘉儀 Lulu Tung",222573.353727737
"292","What Would Jesus Like",220197.950649893
"293","動物蘋台 Apple Petform",220036.06585198
"294","本土時代 Era of Localism",218569.627019732
"295","iMoney 智富雜誌",217929.053818094
"296","香港今昔",217862.064080014
"297","Youth Square 青年廣場",217644.854162177
"298","香港花生 - 新聞",217557.244019401
"299","「風人丸」特別行動組成員香港專頁",215707.647664995
"300","體路 Sportsroad",215572.08104623
"301","2014 香港人醒覺",214741.280187749
"302","盡在元朗",214285.498085611
"303","美食狗仔隊 Spydoggy",214116.010302296
"304","全民勇武 緊握護盾",213763.845055436
"305","Sportsoho",213587.147689635
"306","Michael Lai 黎曉陽",213545.420146024
"307","Breakazine! 突破書誌",213509.212669146
"308","雷霆881  在晴朗的一天出發",213378.205683676
"309","黎明 Leon Lai",212604.289993355
"310","Pang Ho-Cheung 彭浩翔",212183.263223207
"311","同志公民 Out & Vote",212106.380489002
"312","Society for Abandoned Animals",211435.335408435
"313","Uwants",209453.293938631
"314","。閒閒市集。 Cosy Market。",209107.482768971
"315","周慧敏 Vivian Chow",208755.021753069
"316","av magazine",208559.949926652
"317","歪畸",208448.456464011
"318","PlayStation HK",208331.566992453
"319","Song#10",206411.79220765
"320","港腐女學 Funuiology",204783.618674838
"321","動物解放",202522.52276935
"322","Expedia",202002.654212101
"323","MCL Cinemas",200708.184354121
"324","Pluto Mok 莫梓諾",200097.057929421
"325","AutoMomo",198845.437355174
"326","真心爱国爱党联盟 - 真爱联",198441.804878847
"327","黑紙",198322.385738094
"328","屯門好生活 Tuen Mun Good Life",197854.575118333
"329","PMQ 元創方",197569.971970988
"330","麻瓜鄧【做啲嘢工作室】",196788.983119409
"331","青年重奪未來",196210.533100383
"332","Mrs.Lam Cafe",196085.90421087
"333","自己文章自己救 主場文章再現",194983.104490454
"334","音樂蜂 MusicBee",194284.170662276
"335","香港民族獨立黨",194105.347772699
"336","周家怡",193498.692554297
"337","香蕉奶 bananaooyoo",192833.391690159
"338","Kitty Yuen Siu Yee",192001.16117608
"339","Tamarart",190926.254228473
"340","Cyclist Workshop 單車手維修工作室",190890.238576391
"341","周柏豪 Pakho Chau",190647.935353363
"342","村民點諗",190646.651405926
"343","捍衛lester alex佔領巫山HeHe團",190448.87336559
"344","風波裏的自由 Phone",190210.768269662
"345","HKIPF 香港國際攝影節 Hong Kong International Photo Festival",189920.488288583
"346","東周刊 eastweek.com.hk",188334.879733233
"347","貧友堆、一個墟！",187635.315225459
"348","Initium Media 端傳媒",187591.422432331
"349","DDED",187138.740864205
"350","無樂不作同盟會",186940.861434579
"351","傘下爸媽",185725.51683931
"352","BIODERMA",185399.750267483
"353","鄉土學社 SoIL",185364.913848224
"354","媽媽牌同盟 Mamamilkbaby.com",184831.937611565
"355","Huawei Mobile HK",184537.137730314
"356","公民黨 Civic Party",183542.796919068
"357","龍獅報",183096.100332772
"358","全球聲援香港爭取真普選 United for Democracy: Global Solidarity with Hong Kong",182777.172176212
"359","趙恩來 Chiu Yan Loy",182486.68353681
"360","J-Pop Music Festival",182291.867160813
"361","我係五毛我係鬼",181559.604295375
"362","阿檸 - 毒檸王國",181396.416188363
"363","Green-Docs",181134.567137711
"364","譚仔三哥米線",180335.525707089
"365","ITeen Xtra",180305.24753587
"366","高登綜合台",180036.892644046
"367","香港不合作運動九龍西小隊",179943.738244345
"368","Hong Kong Arts Administrators Association",179348.801536387
"369","JESSICA Hong Kong",179016.520836236
"370","hkclubbing.com",178674.944738676
"371","The Good Lab 好單位",178640.495707221
"372","許生變態綜合台",178302.683368796
"373","Farm News 農場新聞",177635.556904545
"374","ACG Secrets.HK",177251.152691044
"375","Hyginova",177154.986510396
"376","ET Net 經濟通",176258.142108858
"377","香港吉野家 Yoshinoya Hong Kong",176256.311174326
"378","Chet Lam 林一峰",176237.74355733
"379","耕作人",176085.041981172
"380","MyBB.com.hk",175740.473283497
"381","字花",174937.814869929
"382","M21媒體空間",174823.658535772
"383","100%憤怒鳥",174459.596402247
"384","普通話台音樂節目",173688.559157503
"385","梁望峯",173519.365066071
"386","明光社",173491.818537695
"387","香港基督徒學生運動 SCMHK",173409.239583923
"388","MOViE MOViE by bc",173401.680352834
"389","Tao Magazine",173156.284723033
"390","HiFi Review & PersonalAudio.hk",172522.703985122
"391","Golden Scene Co. Ltd. - Film",172472.168846521
"392","我撐本地波",172269.126826392
"393","地獄鬼國見聞錄",171825.01979347
"394","思政築覺 ArchiVision",170995.752537378
"395","ifva",170312.153543838
"396","Keyman",169579.330815997
"397","踢爆左膠",169575.9828468
"398","容祖兒 Joey Yung",169539.585217599
"399","項明生 James Hong",169348.6634881
"400","旺角佔領現場資訊",169300.393061431
"401","香港大學學生會文化聯會 Cultural Association, HKUSU",169142.798793582
"402","有種文化",168918.412498659
"403","Home Sweet Home HK Music Store - Ukulele Guitar Cajon",167583.603498685
"404","杜如科 4Lum",166851.666515688
"405","沙田友",166837.251146832
"406","Soliton",166619.200336431
"407","HKU Dry Club",166434.338629651
"408","RunOurCity 全城街馬",166155.299721391
"409","e-zone",166072.402077844
"410","MegaBox",165517.375226214
"411","中大農業發展組",165064.677187197
"412","Tom Lee Music 通利琴行",165036.979244696
"413","香港大學學生會評議會時事委員會 Current Affairs Committee, HKUSU Council",164391.515582163
"414","圖膠聞",164150.958041569
"415","國際特赦組織香港分會 Amnesty International Hong Kong",163901.083010311
"416","Tgt Art and Design Gallery",162715.990312736
"417","港足冰室",162524.038144922
"418","台港民主連線",162199.819335125
"419","20th Century Fox",161948.998595669
"420","Wheres",161577.959652855
"421","Timable",161527.41870054
"422","數碼生活頻道",161396.943026107
"423","香港新浪娛樂",161344.040057208
"424","讓愛與和平佔領中環 Occupy Central with Love and Peace",161012.002211765
"425","aifie.com",160985.98379453
"426","Derek Kwok 郭子健",160558.431203277
"427","Celine 楊鎧凝",160293.023427439
"428","Camp Style 戶外風",159945.091792656
"429","Look7s",159853.043664751
"430","Fernando Chiu-hung Cheung 張超雄",159741.698688659
"431","ＡＰＳ",159656.876162554
"432","左翼21",159297.514433935
"433","鄭錦滿（四眼哥哥）",158364.764794166
"434","環球膠報",158347.119323996
"435","Star Wars",158320.479907325
"436","Rainbow Gala",157971.481143769
"437","Fitz.hk",157862.344986598
"438","Honkiee 亞洲原創文化設計生活平台",157356.784811809
"439","香港漫畫店回憶錄",156519.516743149
"440","VS Music",155602.391906747
"441","譚凱邦 Roy Tam",154110.126797652
"442","靚抽王 Bull Shxt King",153826.740243941
"443","我以後唔去左膠民陣唱k團遊行 No More K-protest",153799.88716716
"444","林匡正",153056.890726504
"445","蘋果ATM",152757.922314156
"446","黃翠如 Priscilla Wong",152741.450236198
"447","商務出版 Commercial Press Publishing",152436.313352202
"448","公關災難",152372.160428849
"449","杏林覺醒 Médecins Inspirés",151640.410781399
"450","我要真普洱行動",151083.544915879
"451","路邊政策組",150742.421878114
"452","My Pet Magazine 寵物閑情",150717.160397361
"453","長發街市關注組",150591.978403508
"454","Cynbunny",150546.769101475
"455","撐傘落區運動",150499.632892816
"456","Kumamon 熊本熊香港幸福部",150302.418842566
"457","Freshmade organics フレッシュメード",150229.788531042
"458","東九龍社區關注組",149737.09688168
"459","堅守港大百年基業 HKU Last Line of Defence",148956.646289339
"460","日本自遊易",148616.053260286
"461","HKTVmall",148357.456646677
"462","Badges Story",147971.344444399
"463","對白Cap圖王",147915.568249311
"464","Toys ""R"" Us Hong Kong",147385.893061297
"465","Hong Kong Style",146908.612424549
"466","洪永城Tony的地球",146511.800224284
"467","心燒食堂",146421.967213118
"468","關懷愛滋 AIDS Concern",146097.051207622
"469","足球周刊 香港版 Football Weekly",145975.808968635
"470","Hong Kong Arts Centre",145902.946108762
"471","旺角人旺角事",144961.048553074
"472","龐一鳴",144557.625944122
"473","香港常餐",143828.134965665
"474","城寨",143597.508063743
"475","東講西讀",143334.64809818
"476","架樑三邊走",143140.472675466
"477","我地撐主場",142699.813179561
"478","叱咤903 在晴朗的一天出發",142596.9137288
"479","香港V煞團",142418.180166391
"480","「保普選 反佔中」簽左名揮手區！",142372.621422416
"481","Marie Claire HK",142031.958575447
"482","謝曬皮 TSE SAI PEI the incapable",141616.209088459
"483","Wacom HongKong",141604.860226582
"484","Plaza Hollywood",141575.278301597
"485","C AllStar",141465.228053065
"486","This is Mr. B",141332.191299625
"487","Hong Kong Columns - Translated",141302.193700339
"488","進步教師同盟 Progressive Teachers' Alliance",140864.030722545
"489","毒撚媒體LonelyMedia",140650.700175604
"490","☠☠  涂東東  專頁 ☠☠",140349.405073572
"491","唔係賣廣告",140262.176646127
"492","老師心聲",140069.042492158
"493","Warner Bros. Pictures",139767.53566236
"494","香港迪士尼樂園 | Hong Kong Disneyland",139610.85418612
"495","Photo Magazine 攝影雜誌",139282.41492925
"496","膠報 Plastic Post",139197.353681298
"497","on.cc 東網／東方日報",139026.869786653
"498","逢時書室",138929.410899943
"499","我係香港人！50萬人強烈反對批綜援比新移民！",138742.457119946
"500","後製達人jc",138722.374595444
"501","林凱凝 Sunshine",138455.576925969
"502","非常班房",138225.234420957
"503","陳柏宇 Jason Chan",138001.533895987
"504","MTR advertising",137143.527941326
"505","Hong Kong Interfaith Sofa",136749.849237023
"506","帶起音樂 Music OnAir",136637.707884425
"507","CosmoGirl! HK",136356.882624301
"508","張繼聰 Louis Cheung",136167.98718356
"509","Fashionally",135124.308085581
"510","爵士鍾情",134328.395102106
"511","多利繪",134251.515691091
"512","范國威 Gary Fan",134010.429640473
"513","Step for Stance Auto Party",133949.574318077
"514","中二萌團 - 不負責動漫亂評",133498.229947247
"515","香港本土力量 Hong Kong Localism Power",133367.796664044
"516","香港學生媒體 Media of Hong Kong Students",133355.963255695
"517","白影",133295.748773295
"518","JLMusic",133045.38826061
"519","大專政改關注組",132959.419435779
"520","張寶華 Sharon",132763.77451591
"521","藝界起動 Artists Action",132740.265529642
"522","Hidden Agenda",132731.098572916
"523","三十過後一個人住",132659.722584079
"524","花生觀察家",132582.293169133
"525","A nice place to",132386.169768628
"526","葉蘊儀 Gloria Yip グロリア・イップ",132353.95771699
"527","StartupBeat",132324.619639821
"528","博勢力",132252.838625321
"529","開心Share",132202.160628879
"530","Neo Derm Beauty",132114.271449363
"531","now 娛樂生活",131978.537627971
"532","Fashion Walk",131111.102360337
"533","鄧小樺 TANG SIU WA",130984.303010259
"534","職工盟(HKCTU)",130942.256612476
"535","SIZZ",130730.600281459
"536","我愛Mama",130612.31984865
"537","將軍澳友 Captain O",130554.713139256
"538","雨僑 YuKiu Ava",130361.030265354
"539","支持香港警察",130038.958634598
"540","民間電台(CITIZENS' RADIO)",129666.782801853
"541","Tango 蛋糕陳",129225.132142752
"542","Alan Leong Kah-Kit",128737.193760908
"543","港人自講 Talk Hong Kong",128128.349253426
"544","Hong Kong Pride Parade 香港同志遊行",127070.811983124
"545","CUP 媒體",127059.994324483
"546","香港天主教資訊通",127022.499974576
"547","本土Y世代",126744.878031936
"548","CABLE+",126353.226361748
"549","HKCSS 香港社會服務聯會",126070.659997072
"550","足球快報 FootballExp",125791.845474822
"551","升旗易得道",125706.869006357
"552","Hong Kong Baptist University Students' Union 香港浸會大學學生會",125525.871866317
"553","The Metroplex",125221.970807532
"554","一田百貨 (YATA) - official Page",125050.153032674
"555","ToySoul 亞洲玩具展",124864.462614881
"556","旺角社區團結－旺角佔領直擊",124802.521879357
"557","思潮起動",124684.485757819
"558","民間人權陣線 Civil Human Rights Front",124210.116183808
"559","David Yeung 楊大偉",124101.219348199
"560","Sammy Leung",123815.934608223
"561","文化及雜誌界撐香港",123680.442464841
"562","Mr & Ms HK People",123596.438352335
"563","Page One (HK)",123585.708142277
"564","Claudia Mo/毛孟靜",123211.510706823
"565","Musician AREA",122970.36594812
"566","要求遣返難民大聯盟",122862.362086832
"567","moto-one.com.hk",122583.481704108
"568","DBC 8910 Good Morning",122503.443560855
"569","香港天氣資訊中心",122006.464631362
"570","艾力 Eric",121729.884334701
"571","版權及二次創作關注聯盟 Copyrights & Derivative Works Alliance",121497.137508058
"572","我支持劉Sir仗義執言",121437.654602796
"573","十一良心消費 Tithe Ethical Consumption",121320.945030219
"574","1圈圈",120981.139704391
"575","偲嫣迎新營",120839.960953688
"576","Gimme5",120651.304141309
"577","鴨脷洲變形記",120595.286042321
"578","《發燒玩家》",120528.991350877
"579","毛言地",120386.516205106
"580","香港傳統節日",120261.13162344
"581","Warner Music Hong Kong (International)",120117.656520588
"582","HKDoujin",120095.932950144
"583","南區人，南區事",119990.608387458
"584","Serrini",119386.360063503
"585","血濃於老味 Blood Lei Lo Mei",119295.224987195
"586","Hong Kong International Airport 香港國際機場",119271.659483321
"587","商務印書館 The Commercial Press",119146.609172719
"588","奧海城 Olympian City",119109.01254958
"589","STAR WARS HONG KONG",118629.750152796
"590","Alicehaha",118417.715972646
"591","Brands United - BU",118205.496105085
"592","陳奐仁 Hanjin Tan",118017.769061044
"593","食光光 EmptyPlate Action HK",117667.889631625
"594","Neway Karaoke Box Hong Kong",117554.806855167
"595","游學修 Neo Yau",117531.403836451
"596","The North Face Hong Kong",117189.530243635
"597","metropop",117139.002168871
"598","nomad nomad",117126.465071922
"599","Music Surveillance",117076.471320643
"600","港嘢 Kong Yeah",117066.439436167
"601","Canada-Hong Kong Link",116962.420728174
"602","我真心撐警察極醜惡專頁",116677.51703164
"603","the pancakes",116580.240001368
"604","Shadow",116430.935856078
"605","樹大招風Trivisa",116263.305321814
"606","逆嘶亭",116225.429620677
"607","守護大嶼聯盟 Save Lantau Alliance",116062.797312508
"608","鄭松泰",115784.250221196
"609","Miss Hunny",115755.560272619
"610","石先生",115747.697091554
"611","山卡啦",115718.571022985
"612","電影文化中心 Film Culture Centre - Hong Kong",115681.10526027
"613","Go! Japan",115623.526944344
"614","Draword - 畫字",115597.387190027
"615","阿炸",114998.255117271
"616","I am a Hongkonger, 我係香港人！",114917.724272537
"617","Baby Magazine 親子雜誌",114816.513377322
"618","香港作家王迪詩",114686.992880785
"619","Disney Movies Hong Kong",114514.536277788
"620","黑口西面 - KuroGuchi NishiMen",114112.273871216
"621","波波池",113919.209190226
"622","Joey Kwok Photography",113910.509371112
"623","孤泣",113897.693834715
"624","信報財經新聞 hkej.com",113870.304523347
"625","活人拳法家",113793.590073704
"626","元朗本土行動組",113487.971645614
"627","Snow Suen 孫慧雪",113318.528781792
"628","廢柴同學會",113184.991211284
"629","【堅．筲箕灣人】梁詠詩老師 Jenny Leung",113146.666917773
"630","GoBuya 夠買網",112956.237796481
"631","JOOX",112777.009506953
"632","teakha 茶。家",112650.607114857
"633","李璧琦 Becky Lee",112544.44055965
"634","香港ウンチク話",112395.71739826
"635","急急Touch",112266.096189389
"636","企業號航行網誌",112215.936041336
"637","香港公平貿易聯盟 Fair Trade Hong Kong Foundation",112206.000499846
"638","Dean Siu 邵子風",111532.763634516
"639","黎汶洛 Oscar Lai Man Lok",111259.610824847
"640","kurskhk.net",110687.449512772
"641","港大法律學生政改關注組 HKU Law Students Political Reform Concern Group",110625.121674346
"642","Vicky Fung 馮穎琪",110610.246831016
"643","羅乃萱Shirley Loo",110359.813313498
"644","Warner Music Hong Kong",110251.809728652
"645","Super fans",110203.342779178
"646","《社區好鄰居》",110078.738943992
"647","Hakgwai",109974.665725285
"648","香港討論區",109660.732370285
"649","李克勤 Hacken Lee",109602.586625947
"650","香港主播",109559.462060871
"651","Jockey Club Design Institute for Social Innovation",109519.16394979
"652","hkitalk.net 香港交通﹒資訊網",109342.614076436
"653","周小某",109326.611211381
"654","OpenSnap",109208.695904577
"655","八鄉朱凱迪",109122.317865918
"656","別別豬.Bi Bi PIG",108659.849689348
"657","香港生物多樣性節 Hong Kong Biodiversity Festival",108521.404553252
"658","巴士模型博物館",108451.536341592
"659","牧羊少年咖啡．茶．酒館",108426.136903053
"660","明報即時新聞",108407.425385086
"661","1LookChat",108350.881758654
"662","Cinema City",108296.952803858
"663","十年 Ten Years",108198.413731624
"664","數碼捕籠",108169.816178287
"665","Hong Kong Adventure Corps 香港少年領袖團",107786.950725682
"666","Chessman Hong Kong 棋人香港",107545.467843344
"667","Visit Japan for HK",106958.897218928
"668","火鳳燎原",106463.336708279
"669","畢明 budming",106356.198808235
"670","好宅之人",106096.687753304
"671","Sulu Sou Ka Hou",105974.446193254
"672","本土工作室 Local Studio HK",105708.922134406
"673","周國賢 Endy Chow jaugwokyin",105634.763160522
"674","讀書好",105577.99833643
"675","總有路走-傳恩惠您",105438.652976547
"676","Youth.gov.hk",105438.145405821
"677","天拉吧．Tin Library",105317.519153345
"678","口水多過浪花",105301.610984829
"679","VegBo",105269.190241661
"680","靛",105234.14842582
"681","海星的文具",105088.789156765
"682","嶺南大學學生會 Lingnan University Students' Union",104964.856573135
"683","生活書院 School of Everyday Life",104819.074278196
"684","Actors' Square A2 創作社",104459.39688538
"685","唔幫襯地產商的聖誕",103879.755355029
"686","香港勁揪 Kickass Hong Kong",103557.605106478
"687","EARTH.er",103456.481582609
"688","PCM",103270.202423883
"689","Good Seed HK",103195.867814607
"690","沙田新幹綫",103058.383258224
"691","Sanrio Hong Kong",102972.002524027
"692","東方足球隊 Eastern Football Team",102888.347513054
"693","忠義民團（民間自發組織）",102777.876665359
"694","二次創作權關注組 Concern Group of Rights of Derivative Works",102619.163786216
"695","《社區公民約章》運動",102408.754664155
"696","得罪講句",102400.010931932
"697","香港城市大學學生會 City University of Hong Kong Students' Union",102277.304651491
"698","RTHK CIBS 香港電台社區參與廣播服務",102137.831635581
"699","NPV 非牟利獸醫服務協會 (Non-Profit Making veterinary services society Ltd)",102096.07933626
"700","有班女仔",102072.575492603
"701","陳恒鑌",101842.559291748
"702","飄流製作 DIASPORA PRODUCTION",101828.177504873
"703","Joey in Hong Kong",101653.259379171
"704","學生文藝",101640.074867844
"705","West Kowloon Cultural District 藝游西九",101512.262077241
"706","大樹孩子生活館 Tree Children's Lodge",101307.947721224
"707","手作J - 橡皮印章",101170.515790807
"708","施寶盛",101030.786479891
"709","Audrey Eu 余若薇",100875.985518411
"710","論盡音樂 Stupid Music",100828.08772221
"711","林輝：旅遊寫作人",100591.50688841
"712","Shemom",100382.015379106
"713","歡迎偷圖",100378.827575289
"714","趙學而 Bondy Chiu",100205.744482977
"715","長者安居協會 Senior Citizen Home Safety Association",99855.337002759
"716","VolTra義遊",99713.1095941196
"717","爾雅集",99239.5339728104
"718","山地媽",99033.7337479666
"719","Universal Pictures Hong Kong",99015.9131978242
"720","現在攝影 Photo Now",98963.0565535679
"721","ProMini",98707.2879315856
"722","陳雅明",98690.76939012
"723","椰子是無辜的",98488.8414971387
"724","Hong Kong YWCA 香港基督教女青年會",98317.8524127377
"725","MTR Service Update",98235.1559614343
"726","政總留守抗爭日記",98111.407246793
"727","Microsoft",98033.3882603302
"728","HK Dry Club",98015.5519274503
"729","筆下留情：足球說歷史",97987.3646386002
"730","救世軍屯門青少年綜合服務",97969.1407815861
"731","Afternoon market《午後市集》",97960.676800124
"732","Moveon",97956.6571281018
"733","UNICEF Hong Kong",97706.8675835854
"734","Ivana Wong 王菀之",97667.9639259745
"735","7-Eleven Hong Kong",97254.0015639326
"736","利世民",97208.5276585201
"737","Walk In Hong Kong 活現香港",96989.2266486315
"738","RG17 . APH 大富翁街",96952.3717711571
"739","photobyben",96920.9131944914
"740","醒吓啦，香港人！UP for HK",96714.8509959377
"741","香港話劇團 Hong Kong Repertory Theatre",96483.860000839
"742","3HK",96299.4809114273
"743","Try it",96229.5646453439
"744","哪一天我們會飛 同學會",95953.2009645728
"745","港男港女",95888.7904990744
"746","Hong Kong Cleanup / 清潔香港",95816.9671271503
"747","史檔",95754.4086939619
"748","Organic We 對得住地球基地",95489.3141570783
"749","香港網絡廣播電台",95404.4775172958
"750","Post76玩樂網",95384.6322475484
"751","社區文化關注 Community Cultural Concern",95182.626046011
"752","護士政改關注組",94263.5147348613
"753","沙米の旅日部屋",93816.1795054806
"754","TopGear 極速誌",93772.3154652392
"755","PIKA黨",93596.4209805451
"756","HKMO 香港市集協會",93487.7354839592
"757","邵仲衡 - 丁孝蟹",93330.7903906431
"758","Kwok Ka Ki 郭家麒",93279.8612500534
"759","橄欖啜核",93269.2219682738
"760","Neofilms 新映影片",93253.5547090572
"761","字悠野",93222.256924249
"762","北區水貨客關注組(North District Parallel Imports Concern Group)",93179.1244677427
"763","Helen To 杜如風",93132.107257496
"764","852郵報",93066.400427523
"765","HKBU Secrets",92952.4783958577
"766","香港寵物節 Pet Show",92749.3990459912
"767","香港膠登 HKGalden",92601.6466946292
"768","香港精神 Hong Kong Spirit",92472.1695427722
"769","Garage Society - Asia",92457.5416955145
"770","Venus Chow 周嘉儀",92085.2642811944
"771","明周 Ming Pao Weekly",92035.2084461743
"772","太興飲食集團",91974.7634845868
"773","Friends of the Earth (HK) 香港地球之友",91947.3643748988
"774","Group Buyer",91937.9177070493
"775","PopCorn@TKO",91803.5724641453
"776","至愛黑白淡奶 I ♥ Black & White",91504.4005897547
"777","Shotcourt Photography",91502.1627575024
"778","香港日本語同好會",91468.9528569759
"779","埔向晴天",91028.2644943037
"780","HKU 100",90761.2162349312
"781","now TV",90601.3492682684
"782","「土家」故事館",90571.3427548715
"783","Akibaya DX (アキバヤ デラックス)秋葉本店",90448.1094718633
"784","OMyCar Hong Kong",90231.7979088648
"785","Bitetone",90152.3243764534
"786","薛可正",90125.3335810715
"787","海豚三十 30 Third Runway Victims",90082.1709926079
"788","黃傘街頭基督徒基層團體 / Yellow Umbrella Christian Base Community",89943.3369326091
"789","體嘢 SportsYeah",89906.7700992416
"790","Disney HK | 迪士尼香港官方 Fan Club",89899.4145869987
"791","鄭達鴻 - Tat Cheng",89890.2183781362
"792","香港警察 Hong Kong Police",89744.7508383183
"793","美孚家•政 Mei Foo Home And Public Affairs",89691.9733398401
"794","香港奧比斯 Orbis Hong Kong",89665.8752336024
"795","與鈞同行 / Walking with TK",89571.0872338308
"796","青馬文化",89427.3881217811
"797","遺愛人間.八鄉牌坊小狗八八",89407.3662862247
"798","FeminArt 文藝女生",89366.4388019383
"799","博群大講堂",89357.5281591136
"800","同班同學 Lazy Hazy Crazy",89242.4277119722
"801","HKonlineTV",89187.4708211569
"802","行山跑步之歡樂影集",88998.4094709224
"803","高志森",88908.0669660316
"804","龍小菌",88833.4823951919
"805","黃美棋Meiki Official",88820.4235888853
"806","學生港波",88796.9006558178
"807","Little Post 「一小步」",88710.83173199
"808","Labour Party Hong Kong",88687.8120785627
"809","Golden Harvest 嘉禾院線",88656.0409490063
"810","雪菜魂 Snowvegetable",88626.4345404327
"811","The News Lens 關鍵評論網 香港",88534.4298141624
"812","Alan Tam",88188.8256655952
"813","Supreme Co. 永高行",88128.4834280796
"814","HKCC",87969.8673963658
"815","凱撒創作 Kaiser Creation",87905.5287778569
"816","Ochivaye Dreams 中東空姐 繼續流浪+尋夢去",87856.7346826058
"817","凝動香港體育基金 InspiringHK Sports Foundation",87831.6203087819
"818","「天台」The Platform Of Catholic Social Teaching",87793.8025734086
"819","Love Adopt Animal Society 愛領養動物中心",87747.6681453461
"820","香港自治運動 － 龍獅香港旗",87731.1908103047
"821","澳門人協會",87665.3972509722
"822","萬里機構 wanlibk.com",87635.1564613378
"823","Big Love Alliance 大愛同盟",87626.3533473943
"824","Ody Leung 梁健文",87580.5089386075
"825","朱米高雜講",87496.8691399429
"826","常識 Common Sense",87295.308269814
"827","feversound.com",87190.7551196764
"828","Dustykid",87046.9594368645
"829","葉政淳毒撚雜誌",87038.0145782305
"830","USHB",86949.8487586374
"831","24s 籃球",86938.5980498311
"832","區諾軒 Au Nok-hin",86931.3301333024
"833","三聯書店 Joint Publishing",86823.4832229976
"834","香港 寵物領養",86658.8626095917
"835","香港昔日情懷  the Good Old Days of Hong Kong",86508.2989479088
"836","現代教育 Modern Education",86388.4912741817
"837","Stage Plug News 音場新聞",86361.2399681506
"838","爆片王",86337.1939824866
"839","要求建制派議員票債票償運動",86225.5880013006
"840","小店撐佔領﹗",86129.0906587715
"841","Durianbb.com 榴槤 BB",86113.2823200461
"842","Code for Hong Kong",85968.4295833678
"843","我哋係香港人，唔係中國人",85966.8153785451
"844","Marvel",85858.0408041838
"845","中國3D數碼娛樂 China 3D",85853.9161614263
"846","Progressive Lawyers Group 法政匯思",85792.1243282341
"847","Fluid Occupiers",85621.7944865037
"848","慢慢讀",85586.2316695182
"849","Buskingdom",85569.1709372597
"850","Miramar Shopping Centre",85386.0377475558
"851","今生不做機械人夢想計劃",85283.3206466608
"852","光復香港",85273.8693711415
"853","香港作家胡世君",85265.1971610671
"854","Day Day Cook",85221.3090117502
"855","LOG-ON official page",85183.8940739966
"856","franso",85104.6862843673
"857","CantonHymn 恢復粵語詩歌敬拜文化運動",84978.1978376987
"858","tmtplaza 屯門市廣場",84744.4976140126
"859","Hong Kong Art Gallery Association",84738.325340235
"860","林璃蝶",84734.5400061266
"861","盛食當灶 XCHANGE : Social Gastronomy",84683.8358876727
"862","Backstage Live",84590.2510074165
"863","Hong Kong Guide Dogs Association 香港導盲犬協會 (HKGDA)",84442.1270579826
"864","Evita Wong",84209.4736788194
"865","Etpress 經濟日報出版社",84042.1577310504
"866","觀塘友",83869.4039287191
"867","25歲，我們離家出走",83866.9998409705
"868","藝文青",83714.9269620541
"869","Medium Raw － 半生熟製作",83639.5846313386
"870","蔓珠媒體 Manju Media",83579.8261170723
"871","Design Democracy Hong Kong 港人講普選",83574.4556764328
"872","香港花生 hkpeanut.com",83527.2616713641
"873","Parsons Band Club",83512.5058189852
"874","Fight Factory Gym Ltd",83401.3158248562
"875","香港野生雀鳥保育關注組（Hong Kong Wild Bird Conservation Concern Group）",83387.9400793913
"876","唐寧 Leila Kong",83242.9254650844
"877","勇武前綫",83009.1570591805
"878","Jpc 少年警訊 PPRB",82953.9860185121
"879","社漫二號機",82817.8920277911
"880","撐香港 Support HK",82790.8542436426
"881","小時光 xiaoshiguang",82739.2382495287
"882","新閱會 SHKP Reading Club",82663.6659206895
"883","香港民主宣傳小組",82630.7392042988
"884","港媽  港爸",82567.7890566802
"885","普教中學生關注組",82389.8234415756
"886","環球中文經典",82369.684206541
"887","Newsdaily粉絲區",82369.5949964815
"888","Kung Kao Po",82280.3313149696
"889","Daydream Nation",82236.6572103881
"890","攀山攝水",82158.955601414
"891","精算思政 Act Voice",82103.4042922199
"892","同人組織「閃亮大陸Shineland 」",82045.776442066
"893","EMax(九展)",81934.9343880541
"894","PBS 公義之聲",81807.3719896297
"895","Vivian Chan 陳慧敏",81579.7563969483
"896","流動民主課室",81565.9230451763
"897","Peeping Tom 影訊網",81472.9529369508
"898","香港大學學生會學苑即時新聞 Undergrad, H.K.U.S.U. Instant News",81268.0067901147
"899","來生不要做PR",81064.134915954
"900","蘋果Fun享 Apple Daily Fun",80925.076749834
"901","陳琪",80908.9119054723
"902","Sun Pegasus FC 太陽飛馬足球隊",80789.8856903019
"903","JMENplus",80658.6741743656
"904","風流快活人",80565.1228036455
"905","開心快活人",80527.9967081645
"906","Roundtable教育部",80526.9719877977
"907","香港樹仁大學學生會 SYUSU",80517.9374647824
"908","LeEco 樂視",80504.3667225082
"909","Bunny Workshop Showroom",80452.3758603796
"910","屯門人屯門事",80303.8472720972
"911","香港近況文學家協會 Hong Kong Status Writer Council",80299.1480856472
"912","一條褲製作 Pants Theatre Production",80172.4798981868
"913","莫文蔚 Karen Mok",80169.0870094933
"914","Ginger",80066.2537317083
"915","不識時務",79993.4698294744
"916","跑Tee共享",79814.8867417396
"917","Band A Live",79759.3274963421
"918","戲味相投 Drama for Lives",79543.0714047577
"919","烏溪沙路",79447.1865953401
"920","商台探子",79390.4642070595
"921","Young Post",79349.4690886303
"922","鄭司律 CHENG SZE LUT",79187.7117207179
"923","中大性/別關注組",78928.1023789484
"924","G-Form Hong Kong",78719.4082418354
"925","學界男女神",78648.244589135
"926","灣仔友",78555.0995654445
"927","Campus TV, H.K.U.S.U. 香港大學學生會校園電視",78424.2982038864
"928","The Grand",78420.618965083
"929","Broadway/ PALACE/ AMC",78322.0758118508
"930","number 3",78252.6896661587
"931","陳刀 CHEN DAO",78202.8033175139
"932","蜘蛛女- 鄭麗莎LisaCheng",78118.5969953093
"933","James 占士．甸峰",78073.596706765
"934","The HKFYG Jockey Club Social Innovation Centre 青協賽馬會社創中心",78068.7494370635
"935","陸浩明 6號",78038.5074713859
"936","Friends of Palestine in HK",77722.9486438444
"937","綠領行動 Greeners Action",77546.8587759293
"938","今日正",77473.2425305987
"939","亮光文化 Enlighten & Fish",77382.0190033604
"940","恩賢",77364.8002797275
"941","FAM101樂活.家 親子智慧資訊平台",77340.4671254833
"942","OCEAN THREE",77243.8258671559
"943","HKU DreamCatchers",77100.8752833841
"944","仙道彬",77084.5692736668
"945","運動公社",76957.0227632599
"946","猫居 cat state",76954.3171687556
"947","SuperBookcity 超閱網",76944.1786051295
"948","天窗出版社ENRICH CULTURE",76918.0570222679
"949","世勢力撑香港 Global Support for Hong Kong",76908.0361912734
"950","香港小喇叭",76656.1360124443
"951","雅虎香港新聞",76485.1498267469
"952","HKG報 HKGpao",76457.8114964548
"953","公平點 ( FAIR CIRCLE )",76376.8685970101
"954","明報出版社 Ming Pao Publications",76144.6188305809
"955","每一個晚上  譚玉瑛",76016.7247708507
"956","wtc more 世貿中心",75912.3113691194
"957","寰亞唱片 Media Asia",75869.5476089912
"958","The Hong Kong Polytechnic University",75739.3713456099
"959","漫漫步市集",75733.9586211451
"960","DBC 也文也武",75572.1189592234
"961","Pocket Beauty",75528.6019604638
"962","Jamie's Italian Hong Kong",75451.7238758563
"963","Bob Lam 林盛斌",75449.4338591035
"964","點對點 Dot 2 Dot",75441.8628008509
"965","PerspectiveGlobal",75334.1758488173
"966","Kelena 杰寧",75320.5937554158
"967","恩典時刻",75247.0181289333
"968","香港焦點",75166.1234386526
"969","Love&Cherish 愛惜工房",75078.8339567561
"970","South China Morning Post SCMP",74709.3673490794
"971","尖東忌廉哥",74617.3528412512
"972","植屋",74568.8078998201
"973","UA CineHub",74506.1420957617
"974","楊雪盈 Clarisse Yeung",74491.8095638928
"975","黎特",74440.8030644869
"976","Sony Music Entertainment Hong Kong",74424.5633634281
"977","有種部隊 Guts Army",74330.7826887088
"978","新唱一六。童夢成新 NaDreamer",74251.9819966296
"979","UST FYS Secrets",74247.3293054374
"980","小花插畫",74243.7722357112
"981","COMPASS VISA",74220.1735900762
"982","Mingpao OL",74207.8216709924
"983","利萬專業車牌。專門店-LEEMANPLATE.COM",74133.403043743
"984","POPO World",74130.1550521224
"985","Little Thunder 門小雷",73753.0948574723
"986","Donnie Yen-甄子丹 Official",73687.3203015652
"987","HK dot Buy 一點即買",73646.798277729
"988","Hong Kong Science Park",73646.733882731
"989","圓圈加一點",73577.1503962887
"990","何啓華 DeeGor Ho",73555.8031761373
"991","菜姨姨讀書會",73261.0938788698
"992","我要開studio",72995.7085197774
"993","葉一知",72979.9626080073
"994","慧惠",72807.3947851707
"995","林奕匡 Phil Lam",72356.5235630753
"996","袁海文 Ramon YUEN",72286.1135635289
"997","紅磡人 紅磡事",72193.6423724716
"998","書屑 copybook",72181.5902445859
"999","周大福官方專頁 Chow Tai Fook",72149.2739424697
"1000","中大學生報 - Chinese University Student Press",72058.7004886892
